--
-- PostgreSQL database dump
--

-- Dumped from database version 15.1 (Ubuntu 15.1-1.pgdg20.04+1)
-- Dumped by pg_dump version 15.12 (Homebrew)

SET statement_timeout = 0;
SET lock_timeout = 0;
SET idle_in_transaction_session_timeout = 0;
SET client_encoding = 'UTF8';
SET standard_conforming_strings = on;
SELECT pg_catalog.set_config('search_path', '', false);
SET check_function_bodies = false;
SET xmloption = content;
SET client_min_messages = warning;
SET row_security = off;

--
-- Data for Name: Certificate; Type: TABLE DATA; Schema: public; Owner: -
--

COPY public."Certificate" (id, "certificateUrl", "expirationDate", "profileId", "createdAt", "updatedAt", "certificateId", "certificateImageUrl", "issuedDate", "issueingOrganisation", title, visible) FROM stdin;
d7933cd4-a99a-47ed-b2ab-6639f2219baf	https://www.credly.com/users/tjandra-putra	\N	35c89c6b-98ab-487f-a295-959a18090bc6	2025-04-24 13:40:05.943	2025-04-24 13:40:05.943	306760210JAVA8OJA	https://utfs.io/f/e5ecb9d2-6acb-4855-ae74-447fa4a03c88-cg2met.pdf	2023-11-22 16:00:00	Oracle	Oracle Certified Foundations Associate	t
4dbde7ab-1cc4-48dc-a5d1-826153bda00d		\N	35c89c6b-98ab-487f-a295-959a18090bc6	2025-04-28 05:12:27.621	2025-04-28 05:12:27.621		https://utfs.io/f/237f4813-500a-4657-b839-a4db6d98fdd8-siv8jh.png	2021-03-17 16:00:00	Nanyang Polytechnic	Diploma in Business Informatics with Merit	t
fad40061-009c-4366-90af-f3e37a2a14f7		\N	35c89c6b-98ab-487f-a295-959a18090bc6	2025-04-28 05:14:19.18	2025-04-28 05:14:19.18		https://utfs.io/f/b294e243-03b0-49ce-b00f-9f13824b6c89-y37a3z.pdf	2019-01-03 16:00:00	UiPath	RPA Developer Foundation Training	t
07e38aa6-3f82-4e17-bd77-e6662bf6689b		\N	35c89c6b-98ab-487f-a295-959a18090bc6	2025-05-02 14:20:36.833	2025-05-02 14:20:36.833		https://utfs.io/f/334f923f-9a97-4158-be3c-5f5b9f285329-1my6sq.pdf	2025-03-06 16:00:00	Mercuria	Mercuria Hackathon Singapore 2025	t
345efe24-0316-4171-8426-67a6c529d2e5	https://www.credly.com/users/tjandra-putra	\N	35c89c6b-98ab-487f-a295-959a18090bc6	2025-04-22 13:35:53.71	2025-05-02 14:34:29.506		https://vutz38vdur.ufs.sh/f/f1baef9e-836c-4e71-af0b-acf584e6d45d-ji11yt.jpg	2022-06-10 16:00:00	Microsoft	Microsoft Certified Azure Fundamentals	t
\.


--
-- Data for Name: Education; Type: TABLE DATA; Schema: public; Owner: -
--

COPY public."Education" (id, "schoolName", degree, "fieldOfStudy", "startDate", "endDate", grade, description, skills, visible, "profileId", "createdAt", "updatedAt") FROM stdin;
8a632b15-ac1d-4664-ac76-f07ecc446ee0	Nanyang Polytechnic	Business Informatics	Information Technology	2018-03-31 16:00:00	2021-07-31 16:00:00		- Director List, Multiple Semesters\n- Diploma With Merit (Top 10% Graduating Cohort)		t	35c89c6b-98ab-487f-a295-959a18090bc6	2025-04-22 13:42:08.482	2025-04-22 13:42:08.482
1a8333b1-c0f8-47f7-9315-bbaaf974958c	Singapore Management University	Information Systems	Bachelor of Science	2021-07-31 16:00:00	2025-05-30 16:00:00		- Mercuria Hackathon 2025\n- Changi Airport Group 2025 Technology Showcase Participant\n- SMU .Hack Competition		t	35c89c6b-98ab-487f-a295-959a18090bc6	2025-04-22 13:43:41.234	2025-04-22 13:43:41.234
\.


--
-- Data for Name: Profile; Type: TABLE DATA; Schema: public; Owner: -
--

COPY public."Profile" (id, "userId", role, name, domain, "jobTitle", bio, about, "imageUrl", "resumeUrl", email, "workEmail", "createdAt", "updatedAt") FROM stdin;
5bb876e9-d8b1-4cf5-b319-00be76702b53	user_2bz1FcZ9RA8meHZriBwjPqacMYP	ADMIN	Fennie Tai	user_2bz1FcZ9RA8meHZriBwjPqacMYP	Geographic Information Science	I am a final year student at Singapore Institute of Management, majoring in Geographic Information Science. 	Continuous learning is a core value to me 💫 \\n\\nI approach new challenges with positivity, commitment, and determination, seeing them as opportunities for personal and professional growth. \\n\\nDriven by curiosity, I am drawn to projects involving real-life data, as they often reveal new insights for further analysis. My passion lies in utilizing my GIS skills to contribute to creating a safe and sustainable environment for all. 🐻🪴👩👵	https://utfs.io/f/a5b478c8-c64d-42a3-ad9b-970a1ddc3397-3y78av.jpg	https://utfs.io/f/7877a547-8ab8-45c3-aff3-b6d82c232d34-w2etus.pdf	fennietai@gmail.com	fennietai@gmail.com	2024-02-06 07:03:12.644	2025-04-22 13:10:26.895
35c89c6b-98ab-487f-a295-959a18090bc6	user_2ZkmVheI8So96qRsQhrSH94zylG	ADMIN	Tjandra Putra	user_2ZkmVheI8So96qRsQhrSH94zylG	Software Engineer	I am a fresh graduate from Singapore Management University with a degree in Information Systems. I am passionate about learning new technologies and developing software.	Hi there! I specialise in software development, with hands-on experience in full stack engineering, frontend/UI development, and data & business analytics.\n\nI thrive in fast-paced, impact-driven environments - whether I’m building scalable web applications, automating processes, or designing user-friendly dashboards. I enjoy solving complex problems and turning ideas into intuitive, real-world solutions that enhance both customer experiences and team performance.\n\nMy tech stack includes React.js, Next.js, TypeScript, TailwindCSS, Python, Tableau, and more - and I’m always excited to learn and grow. I’m particularly passionate about creating clean, responsive interfaces and leveraging data to drive decision-making.\n\nLet’s connect if you're into collaboration, innovation, and building things that matter!\n(And on the side, I make piano & cello covers on YouTube as @remixowl 🎵)	https://utfs.io/a/vutz38vdur/337eecf3-53c9-4d46-961a-d34a1e44e1b8-s4ss9k.png	https://utfs.io/f/708da2f2-11b1-4019-8b2f-fab8c15f1a06-i6ctz1.pdf	tjandrap.work@gmail.com	tjandrap.work@gmail.com	2023-12-29 14:05:09.255	2025-05-01 09:41:35.534
\.


--
-- Data for Name: Project; Type: TABLE DATA; Schema: public; Owner: -
--

COPY public."Project" (id, name, description, "thumbnailUrl", "projectUrl", "githubUrl", featured, company, category, visible, content, "startDate", "endDate", "isWorkExperience", "workExperienceTitle", "profileId", tags, "createdAt", "updatedAt") FROM stdin;
171c9022-6420-409f-96e1-af37eccbfa8d	Naimu Ecommerce	An enterprise application solution powered by the renowned MERN stack. Integration with Paypal and Stripe payment gateway, JWT authentication, and more.\\n\\nDeployed with Vercel and Cloudinary. Visually stunning and scalable user interfaces, coupled with a robust and efficient backend.	https://utfs.io/f/5296d02a-2cf3-41f0-8d6f-41d7177fd07c-pgrdzj.png	https://naimu-app.vercel.app/	https://github.com/Tjandra-Putra/naimu-app	f	Personal	Web Development	t	\N	2023-05-31 16:00:00	2023-09-03 16:00:00	f		35c89c6b-98ab-487f-a295-959a18090bc6	MERN, React.js, Express.js, Node.js, MongoDB, Stripe.js, Paypal, Json Web Token, Redux, Local Storage, Bootstrap, Vercel	2024-01-04 11:59:34.526	2025-04-22 12:08:02.237
29c7e3b6-338f-4ec9-bcef-587777eaf058	Chatbot-Enhanced Learning Hub with CMS Integration	Created an application system for learning and content management that incorporates a chatbot to enhance the learning experience for students.\\n\\nThe system features an interface that allows users to train the model, manage training data, and dynamically set quizzes on the chatbot.	https://utfs.io/f/84f7adbc-4498-4454-b17b-709eafab0f51-p46u2m.png	https://youtu.be/D1ssOCuNwOs		f	Nanyang Polytechnic	Web Development	t	\N	2020-02-29 16:00:00	2020-05-30 16:00:00	t	Full Stack Developer Intern	35c89c6b-98ab-487f-a295-959a18090bc6	Python, Flask, SQL, Bootstrap, Machine Learning	2024-01-07 08:34:13.578	2025-04-24 10:30:39.198
0936c4be-ac59-4bca-9cdc-471215dc224b	Anico Ecommerce	A simple, black-themed, and elegant full-stack web application demonstrating fundamental ecommerce functions such as user authentication, add to cart, dynamic products, user support, and more.\\n\\nSimple but effective design allows for excellent user experience.	https://utfs.io/f/74e10670-e58b-43a3-b022-12ecff30f7c4-gb4svh.png		https://github.com/Tjandra-Putra/anico-ecommerce	f	Personal	Web Development	t	\N	2020-12-31 16:00:00	2021-03-30 16:00:00	f		35c89c6b-98ab-487f-a295-959a18090bc6	React.js, Redux, Python, Flask, MySQL, Bootstrap, GSAP	2024-01-02 12:32:02.778	2025-04-28 05:15:30.684
473042c9-752d-403b-a525-b4dc3b166328	Linkvine Social	linkvine allows you to create a personalised and easily-customizable page, that houses all the important links you want to share with your audience.<br /><br />From a single dashboard, all of your links may be easily created and managed in one spot.	https://utfs.io/f/5e3635fe-779c-44d3-b4d3-30c64dc768fe-jrldic.png		https://github.com/Tjandra-Putra/linkvine	f	Personal	Web Development	t	\N	2020-12-31 16:00:00	2021-04-29 16:00:00	f		35c89c6b-98ab-487f-a295-959a18090bc6	Python, Flask, MySQL, Amazon RDS, Amazon S3, Amazon Elastic Beanstalk	2024-01-04 12:13:30.401	2025-04-22 12:08:02.237
7337d316-de68-4e01-91fa-6f9464b575b6	Classification Automation	This project leverages Robotic Process Automation (RPA) and Machine Learning through Python.\\n\\nIts goal is to autonomously categorize and organize email data within Outlook mail into dedicated folders.\\n\\nThe functionalities encompass automated email extraction, folder sorting, and optimized execution time.	https://utfs.io/f/8b946f23-793c-4d1b-b241-58a2494ac9a8-fduuop.png	https://www.youtube.com/watch?v=yRZP1Df1uJs&ab_channel=TjandraPutra		f	Nanyang Polytechnic	Automation / Machine Learning	t	\N	2023-01-05 16:00:00	2023-03-30 16:00:00	t	Automation Developer Intern	35c89c6b-98ab-487f-a295-959a18090bc6	Automation, Machine Learning, Algorithm, HR Process Automation, Code Refactoring, Optimization, Efficiency	2024-01-07 09:43:13.027	2025-04-24 10:30:39.198
79d49acf-0da2-49fe-89bb-b87a8fad5b02	Sales and Administrative Executive	The cornerstone of my position involves nurturing positive relationships and upholding customer satisfaction while overseeing the operational aspects of the school.			https://www.facebook.com/VivaceMusicSchool/	f	Vivace Music School	Part-Time Job	t	\N	2022-01-27 16:00:00	2024-02-07 16:00:00	t	Sales and Administrative Executive	5bb876e9-d8b1-4cf5-b319-00be76702b53	Marketing, Communications, Dispute Resolution, Customer Satisfaction, Administrative Training	2024-02-07 08:09:43.585	2025-04-24 10:30:39.198
7bd0366e-a05c-4c9b-ba15-eadc43d3f48b	The Pain of Making Maps	This StoryMap emphasizes on the importance of font selection, colour choice, and map organization in conveying spatial information to the viewers.	https://utfs.io/f/926ef5f2-8a28-4103-9f0d-c6f2f1aced92-pbqrwh.jpg	https://drive.google.com/drive/folders/1YKiUKnwTg9a0uEv7Pq8Zn-_XSFC4ac9m?usp=sharing		f	Personal	StoryMaps	t	\N	2022-10-11 16:00:00	2022-11-29 16:00:00	f		5bb876e9-d8b1-4cf5-b319-00be76702b53	Esri ArcGIS Online, Storytelling, Work Collection	2024-02-07 08:00:55.651	2025-04-24 10:30:39.198
813b5931-eb85-4552-8cb0-87abf8ba43b7	Dottie Dating App	Dottie is a cutting-edge dating app designed with the user in mind. With its sleek and intuitive interface, Dottie aims to simplify the online dating experience while ensuring engagement, usability, and accessibility. My approach to this project emphasized creating a clean, modern design with a focus on a seamless user journey. The app's aesthetic incorporates an orange color palette, promoting energy, warmth, and friendliness - key attributes for a dating platform.	https://utfs.io/f/05122a92-4c42-4e80-ba08-c7ed534abd46-6xgg3o.png	https://www.figma.com/proto/2ri9plawy4HvheDD0LjsCQ/Dottie---Dating-App?node-id=1-3&scaling=scale-down&page-id=0%3A1&starting-point-node-id=1%3A3		f	Personal	UI/UX Design	t	[{"id":"d5a6ff82-066b-4b54-b20f-2e29119f1bf2","type":"paragraph","props":{"textColor":"default","backgroundColor":"default","textAlignment":"left"},"content":[],"children":[]},{"id":"2cb132ab-edea-4e30-8273-d26bd436113b","type":"heading","props":{"textColor":"default","backgroundColor":"default","textAlignment":"left","level":3},"content":[{"type":"text","text":"Design Philosophy","styles":{}}],"children":[]},{"id":"9eaacd42-8c0d-45ac-a4a5-caacd691802f","type":"bulletListItem","props":{"textColor":"default","backgroundColor":"default","textAlignment":"left"},"content":[{"type":"text","text":"Clean, Minimalist Design:\\n","styles":{"bold":true}},{"type":"text","text":"The design approach was centered around simplicity and clarity, ensuring that users can easily navigate and understand the platform. I avoided unnecessary clutter to allow users to focus on the core features—creating meaningful connections.","styles":{}}],"children":[]},{"id":"09becdd7-7e16-4b3d-887a-a369265fe402","type":"bulletListItem","props":{"textColor":"default","backgroundColor":"default","textAlignment":"left"},"content":[{"type":"text","text":"User-Centric Approach:\\n","styles":{"bold":true}},{"type":"text","text":"Every design decision was made with the end-user in mind. This means a focus on ease of use, intuitive navigation, and a visually appealing yet functional layout. The goal was to create a dating app that feels inviting, safe, and straightforward.","styles":{}}],"children":[]},{"id":"e0e4fac6-a5e2-42a2-b39b-7b7d136c26cc","type":"bulletListItem","props":{"textColor":"default","backgroundColor":"default","textAlignment":"left"},"content":[{"type":"text","text":"Color Palette:","styles":{"bold":true}}],"children":[{"id":"82e0ffa7-6a1c-4246-a199-bc0f82d3a2fb","type":"bulletListItem","props":{"textColor":"default","backgroundColor":"default","textAlignment":"left"},"content":[{"type":"text","text":"Primary Color: Orange\\n","styles":{"bold":true}},{"type":"text","text":"Orange was chosen to evoke feelings of energy, enthusiasm, and warmth—important qualities for a dating app where users are looking to make personal connections. This vibrant color stands out but is balanced with other neutral tones to avoid overwhelming the user.","styles":{}}],"children":[]},{"id":"ec28e34b-fad0-4ad8-b5c8-431ddef980b0","type":"bulletListItem","props":{"textColor":"default","backgroundColor":"default","textAlignment":"left"},"content":[{"type":"text","text":"Secondary Colors:","styles":{"bold":true}}],"children":[{"id":"64109909-9e72-44b4-a308-ee3844388efe","type":"bulletListItem","props":{"textColor":"default","backgroundColor":"default","textAlignment":"left"},"content":[{"type":"text","text":"Soft Greys & Whites","styles":{"bold":true}},{"type":"text","text":": Used to maintain clarity and readability while offering a calm contrast to the orange tones. These neutral colors help ensure that the app doesn’t feel too loud, while keeping the focus on the essential interactive elements.","styles":{}}],"children":[]}]}]},{"id":"f7db3b56-3084-4b63-9186-244e921ee93d","type":"paragraph","props":{"textColor":"default","backgroundColor":"default","textAlignment":"left"},"content":[],"children":[]},{"id":"26575c05-7484-448a-b8da-976e21d89fe5","type":"heading","props":{"textColor":"default","backgroundColor":"default","textAlignment":"left","level":3},"content":[{"type":"text","text":"Design Process","styles":{}}],"children":[]},{"id":"4e6c6930-2e27-43db-83f1-3a0079c4960e","type":"numberedListItem","props":{"textColor":"default","backgroundColor":"default","textAlignment":"left"},"content":[{"type":"text","text":"Research & Ideation:","styles":{"bold":true}}],"children":[{"id":"9322f98d-d778-49bf-bcf7-16a9cf441518","type":"bulletListItem","props":{"textColor":"default","backgroundColor":"default","textAlignment":"left"},"content":[{"type":"text","text":"User Research:","styles":{"bold":true}},{"type":"text","text":" Conducted surveys and user interviews to understand the pain points of dating app users. This included analyzing existing competitors to identify areas for improvement in terms of design and user experience.","styles":{}}],"children":[]},{"id":"949f7529-f5c9-4b3d-8e5d-fd863e5d31cb","type":"bulletListItem","props":{"textColor":"default","backgroundColor":"default","textAlignment":"left"},"content":[{"type":"text","text":"Persona Creation:","styles":{"bold":true}},{"type":"text","text":" Developed personas based on real user data to ensure the app's design catered to the target demographic, focusing on ease of use, accessibility, and creating emotional connections.","styles":{}}],"children":[]}]},{"id":"66f6e139-60b4-433c-b669-8adc57a5f426","type":"numberedListItem","props":{"textColor":"default","backgroundColor":"default","textAlignment":"left"},"content":[{"type":"text","text":"Wireframing & Prototyping:","styles":{"bold":true}}],"children":[{"id":"feb5c52c-c3d9-4a7c-9b1f-1021f868e7b5","type":"bulletListItem","props":{"textColor":"default","backgroundColor":"default","textAlignment":"left"},"content":[{"type":"text","text":"Low-Fidelity Wireframes:","styles":{"bold":true}},{"type":"text","text":" Created wireframes to lay out the app’s key functionalities and structure. This included screens for profile creation, swiping, messaging, and settings.","styles":{}}],"children":[]},{"id":"a2a080fb-9958-44bd-8cc6-aeafa4479709","type":"bulletListItem","props":{"textColor":"default","backgroundColor":"default","textAlignment":"left"},"content":[{"type":"text","text":"High-Fidelity Prototypes:","styles":{"bold":true}},{"type":"text","text":" Once the wireframes were validated, I created high-fidelity prototypes in Figma, incorporating the color palette, typography, and branding. Interactive prototypes allowed for testing user flows and interactions.","styles":{}}],"children":[]}]},{"id":"1797315a-fca6-445a-a6fd-3115c273892f","type":"numberedListItem","props":{"textColor":"default","backgroundColor":"default","textAlignment":"left"},"content":[{"type":"text","text":"Usability Testing:","styles":{"bold":true}}],"children":[{"id":"f6666632-18c5-44f7-acf5-d05af7fdcf30","type":"bulletListItem","props":{"textColor":"default","backgroundColor":"default","textAlignment":"left"},"content":[{"type":"text","text":"Conducted usability tests with a sample group to gather feedback on navigation, ease of interaction, and overall satisfaction with the app's aesthetic and functionality.","styles":{}}],"children":[]},{"id":"0102ba12-ad91-43ad-839d-68daa8035445","type":"bulletListItem","props":{"textColor":"default","backgroundColor":"default","textAlignment":"left"},"content":[{"type":"text","text":"Iterated the design based on real-user feedback, refining the app's flow, buttons, and interactions.","styles":{}}],"children":[]}]},{"id":"2b32b3db-4e42-4b38-b850-8e10ba528b39","type":"paragraph","props":{"textColor":"default","backgroundColor":"default","textAlignment":"left"},"content":[],"children":[]},{"id":"737af02d-ea91-4832-ae88-df31884b54ff","type":"heading","props":{"textColor":"default","backgroundColor":"default","textAlignment":"left","level":3},"content":[{"type":"text","text":"Key Features & Design Elements","styles":{}}],"children":[]},{"id":"d66f886d-c11e-46c2-bb3a-8ba90a00c013","type":"numberedListItem","props":{"textColor":"default","backgroundColor":"default","textAlignment":"left"},"content":[{"type":"text","text":"Onboarding Process:","styles":{"bold":true}}],"children":[{"id":"b1fb93d0-2ac8-4c63-acb2-03b30fe00d20","type":"bulletListItem","props":{"textColor":"default","backgroundColor":"default","textAlignment":"left"},"content":[{"type":"text","text":"The onboarding process was designed to be as seamless as possible, with a simple yet engaging introduction to the app. This included a smooth sign-up process and intuitive user guidance to help new users understand the app's functionalities quickly.","styles":{}}],"children":[]}]},{"id":"b9fb2ddf-1a25-42b5-9df9-8adf583465be","type":"numberedListItem","props":{"textColor":"default","backgroundColor":"default","textAlignment":"left"},"content":[{"type":"text","text":"Profile Creation & Customization:","styles":{"bold":true}}],"children":[{"id":"47852014-ad07-4c0f-90ae-e23b8eba2133","type":"bulletListItem","props":{"textColor":"default","backgroundColor":"default","textAlignment":"left"},"content":[{"type":"text","text":"Clear, easy-to-follow steps for profile creation, including the ability to upload photos, provide personal information, and select preferences. The profile page itself was designed to be visually appealing, with a modern card-style layout that prioritized user photos.","styles":{}}],"children":[]}]},{"id":"c23bfcec-f683-4518-bc29-1d39ed31ddd6","type":"numberedListItem","props":{"textColor":"default","backgroundColor":"default","textAlignment":"left"},"content":[{"type":"text","text":"Matching & Swiping Interface:","styles":{"bold":true}}],"children":[{"id":"1d3414a7-ba5a-43db-aa37-ce1e0cf78849","type":"bulletListItem","props":{"textColor":"default","backgroundColor":"default","textAlignment":"left"},"content":[{"type":"text","text":"The app's matching interface uses large, bold images to keep the user engaged. The swipe feature is intuitive, with an emphasis on simplicity. Swiping was designed with easy-to-tap, clear icons, and quick gestures that fit seamlessly into a mobile interface.","styles":{}}],"children":[]}]},{"id":"3f9e6fb7-230e-4bf6-82ff-818b54b77ec4","type":"numberedListItem","props":{"textColor":"default","backgroundColor":"default","textAlignment":"left"},"content":[{"type":"text","text":"Messaging System:","styles":{"bold":true}}],"children":[{"id":"766a38ad-9c80-4fd5-8d42-a474f8595b6b","type":"bulletListItem","props":{"textColor":"default","backgroundColor":"default","textAlignment":"left"},"content":[{"type":"text","text":"Messaging is central to the app’s core functionality. The chat interface was designed to feel casual yet polished, allowing users to quickly communicate with each other without distractions. Message bubbles are color-coded with soft grays and whites, maintaining the clean look of the app.","styles":{}}],"children":[]}]},{"id":"b56f9bb2-43e0-49ca-845b-a5092023a60b","type":"numberedListItem","props":{"textColor":"default","backgroundColor":"default","textAlignment":"left"},"content":[{"type":"text","text":"Navigation:","styles":{"bold":true}}],"children":[{"id":"7aa6b399-a771-4ec3-b88a-c5081f3573fe","type":"bulletListItem","props":{"textColor":"default","backgroundColor":"default","textAlignment":"left"},"content":[{"type":"text","text":"The bottom navigation bar was designed with a minimalist approach, incorporating clear icons for Home, Search, Messages, and Profile. The goal was to make navigation intuitive and reduce cognitive load, allowing users to access key features without feeling overwhelmed.","styles":{}}],"children":[]}]},{"id":"93de08b2-7019-4cb3-99e5-d452b79d6906","type":"paragraph","props":{"textColor":"default","backgroundColor":"default","textAlignment":"left"},"content":[],"children":[]},{"id":"2bee7edc-c59b-434e-af9c-2857338b9c33","type":"heading","props":{"textColor":"default","backgroundColor":"default","textAlignment":"left","level":3},"content":[{"type":"text","text":"Typography","styles":{}}],"children":[]},{"id":"935c7d24-280d-4687-95ea-67a56726528f","type":"bulletListItem","props":{"textColor":"default","backgroundColor":"default","textAlignment":"left"},"content":[{"type":"text","text":"Primary Typeface:","styles":{"bold":true}}],"children":[{"id":"a9a16f43-09ce-4d30-986f-2cefd28fd991","type":"bulletListItem","props":{"textColor":"default","backgroundColor":"default","textAlignment":"left"},"content":[{"type":"text","text":"A modern sans-serif font was chosen for readability and a clean, polished aesthetic. This font reflects the app's contemporary and approachable tone, while maintaining legibility on both mobile and desktop views.","styles":{}}],"children":[]}]},{"id":"d22f9787-98c5-4392-9ef5-41566b0b8062","type":"bulletListItem","props":{"textColor":"default","backgroundColor":"default","textAlignment":"left"},"content":[{"type":"text","text":"Secondary Typeface:","styles":{"bold":true}}],"children":[{"id":"e1e9d5c1-0d2e-4b32-a5be-93830e926541","type":"bulletListItem","props":{"textColor":"default","backgroundColor":"default","textAlignment":"left"},"content":[{"type":"text","text":"A slightly more playful, yet still simple, secondary font was used for call-to-action buttons and headings to create a friendly and engaging atmosphere.","styles":{}}],"children":[]}]},{"id":"155dc7f1-27b3-406b-bbd8-14be7eada0fa","type":"paragraph","props":{"textColor":"default","backgroundColor":"default","textAlignment":"left"},"content":[],"children":[]},{"id":"5dd88633-3635-4ea9-8e83-1252f7def606","type":"heading","props":{"textColor":"default","backgroundColor":"default","textAlignment":"left","level":3},"content":[{"type":"text","text":"Accessibility Considerations","styles":{}}],"children":[]},{"id":"a34f84ea-d1f2-46e0-b6c0-9c5399797516","type":"bulletListItem","props":{"textColor":"default","backgroundColor":"default","textAlignment":"left"},"content":[{"type":"text","text":"Color Contrast:\\n","styles":{"bold":true}},{"type":"text","text":"Ensured that there is a strong contrast between the background and text, especially for critical elements such as buttons and call-to-action items. This ensures that the app is usable for individuals with visual impairments.","styles":{}}],"children":[]},{"id":"da4f9deb-a423-4c42-8bbe-be9920677bd8","type":"bulletListItem","props":{"textColor":"default","backgroundColor":"default","textAlignment":"left"},"content":[{"type":"text","text":"Text Size & Legibility:\\n","styles":{"bold":true}},{"type":"text","text":"Text was kept legible with optimal sizing for all users, ensuring that the font is easy to read on smaller mobile screens.","styles":{}}],"children":[]},{"id":"3c6e3292-d9d5-4af6-a458-ef7149efdc50","type":"bulletListItem","props":{"textColor":"default","backgroundColor":"default","textAlignment":"left"},"content":[{"type":"text","text":"VoiceOver & Screen Reader Compatibility:\\n","styles":{"bold":true}},{"type":"text","text":"Designed with accessibility in mind, ensuring that users with visual impairments could navigate the app effectively using VoiceOver or screen readers.","styles":{}}],"children":[]},{"id":"c4436af9-2d82-4321-931b-90295265a7d1","type":"paragraph","props":{"textColor":"default","backgroundColor":"default","textAlignment":"left"},"content":[],"children":[]},{"id":"8a438854-09d6-4b88-a41b-6cedaffd20a8","type":"heading","props":{"textColor":"default","backgroundColor":"default","textAlignment":"left","level":3},"content":[{"type":"text","text":"Final Thoughts & Conclusion","styles":{}}],"children":[]},{"id":"84e4b30e-337b-4e1e-a8fe-fe02d2b24066","type":"paragraph","props":{"textColor":"default","backgroundColor":"default","textAlignment":"left"},"content":[{"type":"text","text":"The ","styles":{}},{"type":"text","text":"Dottie Dating App","styles":{"bold":true}},{"type":"text","text":" is a project that reflects my deep understanding of the principles of UI/UX design, with a strong emphasis on user-centered design. ","styles":{}}],"children":[]},{"id":"2909db77-74de-4ee7-a12e-fd49b6047e27","type":"paragraph","props":{"textColor":"default","backgroundColor":"default","textAlignment":"left"},"content":[],"children":[]},{"id":"5702867a-75c4-4213-b9a6-749c0d6c87b0","type":"paragraph","props":{"textColor":"default","backgroundColor":"default","textAlignment":"left"},"content":[{"type":"text","text":"By creating a clean, visually appealing interface with an engaging user experience, I was able to deliver an app that is not only functional but also emotionally compelling. ","styles":{}}],"children":[]},{"id":"f02fdd21-fc8a-4f22-8a83-ccd5ea1e538c","type":"paragraph","props":{"textColor":"default","backgroundColor":"default","textAlignment":"left"},"content":[],"children":[]},{"id":"e272a535-6f40-4f81-815c-c132be2009d1","type":"paragraph","props":{"textColor":"default","backgroundColor":"default","textAlignment":"left"},"content":[{"type":"text","text":"The app’s design promotes ease of use while maintaining an aesthetic that aligns with the values of warmth and connection, critical in a dating app.","styles":{}}],"children":[]},{"id":"9a8c6b0b-19a7-479b-99cb-b155a5c3fde5","type":"paragraph","props":{"textColor":"default","backgroundColor":"default","textAlignment":"left"},"content":[],"children":[]},{"id":"e9e3e1eb-4841-4d4c-ac9f-64b5a624e1d4","type":"heading","props":{"textColor":"default","backgroundColor":"default","textAlignment":"left","level":3},"content":[{"type":"text","text":"Tools Used","styles":{}}],"children":[]},{"id":"a55577d7-00c0-4ef0-aa7e-91aa1effbedb","type":"bulletListItem","props":{"textColor":"default","backgroundColor":"default","textAlignment":"left"},"content":[{"type":"text","text":"Design Tools:\\n","styles":{"bold":true}},{"type":"text","text":"Figma","styles":{}}],"children":[]},{"id":"8c20b9b2-5d1e-4f9c-8fc2-7e7749c14a8b","type":"bulletListItem","props":{"textColor":"default","backgroundColor":"default","textAlignment":"left"},"content":[{"type":"text","text":"Prototyping & Testing Tools:\\n","styles":{"bold":true}},{"type":"text","text":"Figma Interactive Prototypes, UserTesting","styles":{}}],"children":[]},{"id":"4a4a22ca-7ba9-4564-a24f-86018c2c8590","type":"paragraph","props":{"textColor":"default","backgroundColor":"default","textAlignment":"left"},"content":[],"children":[]},{"id":"bd3f42df-4647-46be-9098-25886b032e03","type":"paragraph","props":{"textColor":"default","backgroundColor":"default","textAlignment":"left"},"content":[],"children":[]}]	2021-10-31 16:00:00	2021-11-19 16:00:00	f		35c89c6b-98ab-487f-a295-959a18090bc6	Figma, UI/UX Design, Dating App, Mobile	2024-01-10 10:44:48.823	2025-05-02 14:37:42.182
b42b938a-aeb4-4935-ace2-5c5d2ad39fcc	Worldwide Happiness & Marriage Map Design	The purpose of this map is to allow viewers to visually compare the spatial distribution of happiness levels and crude marriage rates across different countries.	https://utfs.io/f/6851ae4d-0a19-45bf-aa77-5e3f5b9da1ea-pbqrxc.jpg			f	Personal	Cartography	t	\N	2022-08-31 16:00:00	2022-11-30 16:00:00	f		5bb876e9-d8b1-4cf5-b319-00be76702b53	Esri ArcGISPro, Cartography, Data Visualization	2024-02-07 08:03:09.732	2025-04-22 12:08:02.237
1c5edac2-2090-4a06-bc66-09563b68bed8	Urban Heat Island Effect in Singapore 2019	This project aims to examine spatial distribution of land surface temperatures (LST) across various urban areas in Singapore with the use of Google Earth Engine. \\n\\nThe methodology involves creating a shapefile of Singapore, implementing cloud and water masking for filtration and employing brightness temperature alongside calculations of Normalized Difference Vegetation Index (NDVI), Fractional Vegetation (FV), and Emissivity (EM) to derive land surface temperature.	https://utfs.io/f/5b26f96d-460a-4ecc-a63c-8f1932f593c4-r34vln.jpg	https://code.earthengine.google.com/a6485a48c83232f60c11a10d37a2cdbf		f	Personal	Google Earth Engine	t	\N	2023-08-23 16:00:00	2023-10-26 16:00:00	f		5bb876e9-d8b1-4cf5-b319-00be76702b53	Google Earth Engine, JavaScript, Remote Sensing, Data Analysis	2024-02-07 08:06:07.45	2025-04-22 12:08:02.237
4f828ef1-bbd2-46d8-b39b-83e192cdc38e	Goldman Sachs	As Lead Frontend Developer and UI/UX Designer for the Goldman Sachs Portfolio Management project, I spearheaded the design and development of an advanced portfolio management platform built with React.js. I led a cross-functional team to deliver a user-centric application that redefined portfolio management workflows, leveraging modern technologies and best-in-class design principles.\n\nThis project highlights my ability to drive innovation, collaborate effectively, and deliver high-impact solutions in fast-paced environments. The resulting application sets a new benchmark for user experience and technical excellence in the portfolio management space.	https://utfs.io/f/82714790-663d-4332-80e2-d4d6c4f11f61-wp0wx0.png	https://youtu.be/bpvDhF9ldK8	https://github.com/Tjandra-Putra/is442-oop-project	f	Goldman Sachs	Web Development	t	[{"id":"982df03f-15a2-4545-bc2c-f3e03beabbc2","type":"heading","props":{"textColor":"default","backgroundColor":"default","textAlignment":"left","level":3},"content":[{"type":"text","text":"Front-end Development","styles":{}}],"children":[]},{"id":"337b5fde-1a72-47da-ba05-58adca178e4e","type":"paragraph","props":{"textColor":"default","backgroundColor":"default","textAlignment":"left"},"content":[],"children":[]}]	2023-08-14 16:00:00	2023-11-14 16:00:00	f		35c89c6b-98ab-487f-a295-959a18090bc6	React.js, JavaScript, MaterialUI, CSS, Responsive Design	2024-01-06 10:10:12.794	2025-04-22 13:03:42.841
ab0da8a0-7dad-4d9f-8611-f0a096033a00	Astra Portfolio	Astra Portfolio is a fully integrated, full-stack web application designed to showcase my professional journey, achievements, and project portfolio. This app serves as an online representation of my skills, providing a seamless and visually appealing way for potential employers or clients to understand my expertise.\n\n	https://utfs.io/f/2af221d1-f653-4a2d-83b0-535e966a3eea-kq559t.jpeg	https://astra-portfolio.vercel.app/profile/35c89c6b-98ab-487f-a295-959a18090bc6	https://github.com/Tjandra-Putra/astra-portfolio-app	f	Personal	Full-Stack Development	t	[{"id":"c6da848c-43b4-4f93-9209-050dc242dd09","type":"heading","props":{"textColor":"default","backgroundColor":"default","textAlignment":"left","level":3},"content":[{"type":"text","text":"Technologies Used:","styles":{"textColor":"blue"}}],"children":[]},{"id":"962e3924-2f20-44bf-a95b-71572ca45db5","type":"table","props":{"textColor":"default","backgroundColor":"default"},"content":{"type":"tableContent","rows":[{"cells":[[{"type":"text","text":"Category","styles":{"bold":true}}],[{"type":"text","text":"Technologies","styles":{"bold":true}}]]},{"cells":[[{"type":"text","text":"Frontend","styles":{"bold":true}}],[{"type":"text","text":"React.js, Next.js, TypeScript, TailwindCSS, Redux, Clerk Authentication","styles":{}}]]},{"cells":[[{"type":"text","text":"Backend","styles":{"bold":true}}],[{"type":"text","text":"Prisma, PlanetScale","styles":{}}]]},{"cells":[[{"type":"text","text":"Hosting","styles":{"bold":true}}],[{"type":"text","text":"Vercel","styles":{}}]]},{"cells":[[{"type":"text","text":"Other","styles":{"bold":true}}],[{"type":"text","text":"Local Storage","styles":{}}]]}]},"children":[]},{"id":"4b905f06-d1b7-471f-ad28-2c727543a9cc","type":"paragraph","props":{"textColor":"default","backgroundColor":"default","textAlignment":"left"},"content":[],"children":[]},{"id":"6ca185eb-2423-42ae-b60b-8bce8fee96fd","type":"heading","props":{"textColor":"default","backgroundColor":"default","textAlignment":"left","level":3},"content":[{"type":"text","text":"Features:","styles":{"textColor":"blue"}}],"children":[]},{"id":"6e9872a6-0683-44f5-b49c-18bd1ca7a666","type":"bulletListItem","props":{"textColor":"default","backgroundColor":"default","textAlignment":"left"},"content":[{"type":"text","text":"Responsive Design","styles":{"bold":true}},{"type":"text","text":": Optimized for both mobile and desktop views.","styles":{}}],"children":[]},{"id":"a6b67457-07f6-492f-bc44-38f33fc6b009","type":"bulletListItem","props":{"textColor":"default","backgroundColor":"default","textAlignment":"left"},"content":[{"type":"text","text":"Authentication","styles":{"bold":true}},{"type":"text","text":": Secure login and registration via Clerk Authentication.","styles":{}}],"children":[]},{"id":"dd843c14-9a5a-4adc-8243-3490965815af","type":"bulletListItem","props":{"textColor":"default","backgroundColor":"default","textAlignment":"left"},"content":[{"type":"text","text":"Portfolio Showcase","styles":{"bold":true}},{"type":"text","text":": Display and filter through my professional journey and past projects.","styles":{}}],"children":[]},{"id":"cc0da09e-837c-4ace-990e-472c81aa1b34","type":"bulletListItem","props":{"textColor":"default","backgroundColor":"default","textAlignment":"left"},"content":[{"type":"text","text":"Real-Time Updates","styles":{"bold":true}},{"type":"text","text":": Add, edit, or delete project entries via an admin interface.","styles":{}}],"children":[]},{"id":"f7d71741-e418-4ea5-91f0-647f9d1d6d0e","type":"bulletListItem","props":{"textColor":"default","backgroundColor":"default","textAlignment":"left"},"content":[{"type":"text","text":"Customizable Markdown Editor","styles":{"bold":true}},{"type":"text","text":": Integrated markdown editor for content creation, supporting rich formatting.","styles":{}}],"children":[]},{"id":"96d47a3a-bc0f-4bda-8f13-8c805631ec78","type":"bulletListItem","props":{"textColor":"default","backgroundColor":"default","textAlignment":"left"},"content":[{"type":"text","text":"State Management","styles":{"bold":true}},{"type":"text","text":": Utilizes Redux for managing application state.","styles":{}}],"children":[]},{"id":"105eb043-8fd7-4ff0-a522-fa7b8599802d","type":"paragraph","props":{"textColor":"default","backgroundColor":"default","textAlignment":"left"},"content":[],"children":[]},{"id":"253a392a-6976-4efa-9c96-33b92cea20a2","type":"heading","props":{"textColor":"default","backgroundColor":"default","textAlignment":"left","level":3},"content":[{"type":"text","text":"Conclusion","styles":{}}],"children":[]},{"id":"ce2ec794-0bcd-4d70-b36b-14753553f783","type":"paragraph","props":{"textColor":"default","backgroundColor":"default","textAlignment":"left"},"content":[{"type":"text","text":"Astra Portfolio is a testament to my skills in building full-stack web applications. With modern technologies like React.js, Next.js, and Prisma, this project not only highlights my technical proficiency but also demonstrates my ability to create a user-friendly, scalable, and secure web application.","styles":{}}],"children":[]},{"id":"c1830d1e-114e-4fe0-9911-b41b6ed6961a","type":"paragraph","props":{"textColor":"default","backgroundColor":"default","textAlignment":"left"},"content":[],"children":[]},{"id":"0c72bcd4-d17f-42e3-8262-9d572dd937b5","type":"paragraph","props":{"textColor":"default","backgroundColor":"default","textAlignment":"left"},"content":[{"type":"text","text":"For any questions or inquiries, feel free to contact me via LinkedIn or through the contact form on the portfolio website.","styles":{}}],"children":[]},{"id":"4ee1737c-a7ae-4fb6-8f14-687266430c48","type":"paragraph","props":{"textColor":"default","backgroundColor":"default","textAlignment":"left"},"content":[],"children":[]}]	2023-09-30 16:00:00	2024-01-05 16:00:00	f		35c89c6b-98ab-487f-a295-959a18090bc6	Typescript, React.js, Next.js, Prisma, PlanetScale, TailwindCSS, Clerk Authentication, Vercel, Redux, Local Storage	2024-01-06 10:24:08.37	2025-04-28 07:41:12.387
c1f841b4-8adf-41ad-8a51-7a8ec6a1b956	Personal Portfolio Version 1	This serves as my static portfolio website, featuring a stunning yet straightforward design to display my work. As a static website, it lacks a content management system.	https://utfs.io/f/b7e60351-9655-4d0c-b6b7-1e51c647d904-or0zku.png	https://tjandra-putra.github.io/	https://github.com/Tjandra-Putra/tjandra-putra.github.io	f	Personal	Web Development	t	\N	2022-12-31 16:00:00	2023-04-29 16:00:00	f		35c89c6b-98ab-487f-a295-959a18090bc6	HTML/CSS, Javascript, UI/UX Design, Web Development	2024-01-04 12:04:21.025	2025-05-02 14:38:09.432
20387160-8a1e-4942-a643-3f972212d50b	Systems Engineering Program Intern	Pure is where you ask big questions, think differently, and make an impact. This is not just a job, but a place where you have a voice and can accelerate your career. We value unique thoughts and celebrate individuality, and with ample opportunity to learn, develop yourself, and expand into different roles, joining Pure is an investment in your career journey.	https://utfs.io/f/dba9302d-5737-4824-a425-06067ba100cc-nykvpp.jpeg			f	Pure Storage	Work	t	[{"id":"212899fe-23cd-46c1-b54c-5108b648bf84","type":"bulletListItem","props":{"textColor":"default","backgroundColor":"default","textAlignment":"left"},"content":[{"type":"text","text":"Integrated a custom AI model","styles":{"bold":true}},{"type":"text","text":" into a Python Flask automation system to enhance text classification capabilities.","styles":{}}],"children":[]},{"id":"baa06e82-92a0-4d09-922e-fe031059e8b7","type":"bulletListItem","props":{"textColor":"default","backgroundColor":"default","textAlignment":"left"},"content":[{"type":"text","text":"Linked Google Sheets and Google Slides through ","styles":{}},{"type":"text","text":"Google API integration and Python Flask","styles":{"bold":true}},{"type":"text","text":", enabling ","styles":{}},{"type":"text","text":"real-time Tableau dataset updates","styles":{"bold":true}},{"type":"text","text":".","styles":{}}],"children":[]},{"id":"d2a48dd0-5ac5-4f0f-b45b-de946f2c44bc","type":"bulletListItem","props":{"textColor":"default","backgroundColor":"default","textAlignment":"left"},"content":[{"type":"text","text":"Improved Python ","styles":{}},{"type":"text","text":"script efficiency by 66.67%","styles":{"bold":true}},{"type":"text","text":", reducing processing time from 3 minutes to under 1 minute through code refactoring.","styles":{}}],"children":[]},{"id":"c0c3529a-2cd2-47d4-a045-d267c49a56a0","type":"bulletListItem","props":{"textColor":"default","backgroundColor":"default","textAlignment":"left"},"content":[{"type":"text","text":"Automated task scheduling using cron jobs","styles":{"bold":true}},{"type":"text","text":" on a virtual machine, ensuring continuous system operation.","styles":{}}],"children":[]},{"id":"e8a3f6b1-d07a-4308-aeb4-608240acad34","type":"bulletListItem","props":{"textColor":"default","backgroundColor":"default","textAlignment":"left"},"content":[{"type":"text","text":"Increased storage testing performance by 44% ","styles":{"bold":true}},{"type":"text","text":"when handling 8.6 billion S3 objects through parallel processing and multithreading with s5cmd and Python across VMs.","styles":{}}],"children":[]},{"id":"3174118e-ad80-4dd1-8478-1e81efaf63ae","type":"bulletListItem","props":{"textColor":"default","backgroundColor":"default","textAlignment":"left"},"content":[{"type":"text","text":"Designed a centralized tableau performance","styles":{"bold":true}},{"type":"text","text":" dashboard that became the foundation for future internal tools, enabling system engineers to efficiently capture and compare key storage metrics across multiple configurations","styles":{}}],"children":[]},{"id":"70938535-ea17-4a45-8946-11e3689389c9","type":"bulletListItem","props":{"textColor":"default","backgroundColor":"default","textAlignment":"left"},"content":[{"type":"text","text":"Earned internal recognition","styles":{"bold":true}},{"type":"text","text":" for the dashboard’s contribution to decision-making and operational efficiency.","styles":{}}],"children":[]},{"id":"35d38fdb-cb05-43ae-9462-14f8f4c645f1","type":"bulletListItem","props":{"textColor":"default","backgroundColor":"default","textAlignment":"left"},"content":[{"type":"text","text":"Selected as the only intern ","styles":{"bold":true}},{"type":"text","text":"to attend the exclusive ","styles":{}},{"type":"link","href":"https://www.linkedin.com/feed/update/urn:li:activity:7252367761610297344/","content":[{"type":"text","text":"New Hire Bootcamp","styles":{"underline":true,"textColor":"blue"}}]},{"type":"text","text":" at Pure Storage HQ in Santa Clara, USA.","styles":{}}],"children":[]},{"id":"5b7ad149-9a41-4ebd-ae48-8d5237d8035a","type":"bulletListItem","props":{"textColor":"default","backgroundColor":"default","textAlignment":"left"},"content":[{"type":"text","text":"Delivered weekly technical presentations","styles":{"bold":true}},{"type":"text","text":" during SE sharing sessions to support knowledge transfer and process improvements.","styles":{}}],"children":[]},{"id":"ff341818-b5bc-4b49-b079-c466d411d3be","type":"bulletListItem","props":{"textColor":"default","backgroundColor":"default","textAlignment":"left"},"content":[{"type":"text","text":"Increased sales team productivity by 95%","styles":{"bold":true}},{"type":"text","text":" by designing and deploying a company-wide Tableau dashboard with advanced filters and keyword search, adopted by VPs and Directors.","styles":{}}],"children":[]},{"id":"84ce8241-67d3-4bee-bd00-c38c58a301ec","type":"bulletListItem","props":{"textColor":"default","backgroundColor":"default","textAlignment":"left"},"content":[{"type":"text","text":"Built user interfaces for internal web applications","styles":{"bold":true}},{"type":"text","text":" in Figma to align stakeholders and simplify decision workflows.","styles":{}}],"children":[]},{"id":"1523f93c-5b51-4731-a6e5-456bfa0b5974","type":"bulletListItem","props":{"textColor":"default","backgroundColor":"default","textAlignment":"left"},"content":[{"type":"text","text":"Developed a content search full-stack application","styles":{"bold":true}},{"type":"text","text":" using Next.js, React.js, Prisma, TypeScript, and TailwindCSS, improving dataset management efficiency by 30%.","styles":{}}],"children":[]},{"id":"2d2d56ea-3cde-4d84-9131-a2786cb0ff1a","type":"bulletListItem","props":{"textColor":"default","backgroundColor":"default","textAlignment":"left"},"content":[{"type":"text","text":"Containerized the application using Docker ","styles":{"bold":true}},{"type":"text","text":"to enable consistent deployment across different environments.","styles":{}}],"children":[]},{"id":"0d855186-ffd6-4296-8c5d-2edb5cba386e","type":"bulletListItem","props":{"textColor":"default","backgroundColor":"default","textAlignment":"left"},"content":[{"type":"text","text":"Created Salesforce reports and dashboards","styles":{"bold":true}},{"type":"text","text":" in collaboration with the Director to support SE leadership’s planning activities.","styles":{}}],"children":[]},{"id":"7b2c1328-e981-4624-9e38-7406b5827651","type":"bulletListItem","props":{"textColor":"default","backgroundColor":"default","textAlignment":"left"},"content":[{"type":"text","text":"Assisted Implementation Engineers ","styles":{"bold":true}},{"type":"text","text":"with FlashArray upgrades by conducting pre-, mid-, and post-upgrade health checks, maintaining system uptime.","styles":{}}],"children":[]},{"id":"3945284b-1d14-4d59-bdd5-6d065e1ea13d","type":"paragraph","props":{"textColor":"default","backgroundColor":"default","textAlignment":"left"},"content":[],"children":[]}]	2024-05-05 16:00:00	2025-05-29 16:00:00	t	Systems Engineer Intern	35c89c6b-98ab-487f-a295-959a18090bc6	Internal liaison, Pre-Sales, SE operations team, BI team, dashboards, useful reports, communication, APJ SE leadership team, data reporting needs, internal systems, processes, Salesforce, Skyline, Pure1, knowledge, experience, improvements, key action items, internal stakeholders, logical conclusion, interaction, exposure, multiple functions, Pre-sales, Sales operations, Support, Professional Services	2024-02-03 06:46:54.56	2025-04-29 07:01:19.39
\.


--
-- Data for Name: UserSocialLink; Type: TABLE DATA; Schema: public; Owner: -
--

COPY public."UserSocialLink" (id, url, "iconName", "iconType", visible, "profileId", "createdAt", "updatedAt") FROM stdin;
2cfe63ba-de52-468b-b5f7-3092d29cbeb1	https://www.linkedin.com/in/fennie-tai/	fa-linkedin	fa-brands	t	5bb876e9-d8b1-4cf5-b319-00be76702b53	2024-02-06 07:08:00.188	2024-02-08 05:44:44.099
a8b6a34d-8216-49ec-b23b-f86f385cfe31				t	5bb876e9-d8b1-4cf5-b319-00be76702b53	2024-02-06 07:08:00.19	2024-02-08 05:44:44.099
b95e5623-eeed-4cfb-b6ce-962da0fe5bcf				t	5bb876e9-d8b1-4cf5-b319-00be76702b53	2024-02-06 07:08:00.19	2024-02-08 05:44:44.099
e8f3e9c0-0f2a-4e18-8ed8-444a57a79356				t	5bb876e9-d8b1-4cf5-b319-00be76702b53	2024-02-06 07:08:00.188	2024-02-08 05:44:44.099
a27e7fc9-18b2-461c-b406-2c8daac88a77	https://github.com/Tjandra-Putra	fa-github	fa-brands	t	35c89c6b-98ab-487f-a295-959a18090bc6	2024-01-06 06:07:40.422	2025-05-01 09:41:32.621
e5e85efc-9160-4fec-8378-e47e05463311	https://www.youtube.com/channel/UCszcUOKsARqDmxi8Y3Tjcsw	fa-youtube	fa-brands	t	35c89c6b-98ab-487f-a295-959a18090bc6	2024-01-06 06:07:40.421	2025-05-01 09:41:32.621
79ac7733-8cc8-4705-818d-7788e130b1ac	https://www.linkedin.com/in/tjandra-putra/	fa-linkedin	fa-brands	t	35c89c6b-98ab-487f-a295-959a18090bc6	2024-01-06 06:07:40.421	2025-05-01 09:41:32.621
c8f67569-1bbe-4ffc-8ed9-b8cf3dfd38ee	https://www.credly.com/users/tjandra-putra/badges	fa-c	fa-solid	t	35c89c6b-98ab-487f-a295-959a18090bc6	2024-01-06 06:07:40.421	2025-05-01 09:41:32.621
\.


--
-- PostgreSQL database dump complete
--

